<?xml version="1.0"?>
<!DOCTYPE hibernate-mapping PUBLIC "-//Hibernate/Hibernate Mapping DTD 3.0//EN" "http://hibernate.sourceforge.net/hibernate-mapping-3.0.dtd">

<hibernate-mapping auto-import="false" default-lazy="false">
	<import class="com.jio.account.telecom.model.CP" />
	<import class="com.jio.account.telecom.model.CPTransaction" />
	<class name="com.jio.account.telecom.model.impl.CPImpl" table="ATM_CP">
		<id access="com.liferay.portal.dao.orm.hibernate.LiferayPropertyAccessor" name="cpId" type="java.lang.String">
			<generator class="assigned" />
		</id>
		<property access="com.liferay.portal.dao.orm.hibernate.LiferayPropertyAccessor" name="groupId" type="com.liferay.portal.dao.orm.hibernate.LongType" />
		<property access="com.liferay.portal.dao.orm.hibernate.LiferayPropertyAccessor" name="companyId" type="com.liferay.portal.dao.orm.hibernate.LongType" />
		<property access="com.liferay.portal.dao.orm.hibernate.LiferayPropertyAccessor" name="createBy" type="com.liferay.portal.dao.orm.hibernate.StringType" />
		<property access="com.liferay.portal.dao.orm.hibernate.LiferayPropertyAccessor" name="createDate" type="org.hibernate.type.TimestampType" />
		<property access="com.liferay.portal.dao.orm.hibernate.LiferayPropertyAccessor" name="modifiedDate" type="org.hibernate.type.TimestampType" />
		<property access="com.liferay.portal.dao.orm.hibernate.LiferayPropertyAccessor" name="customerScreenName" type="com.liferay.portal.dao.orm.hibernate.StringType" />
		<property access="com.liferay.portal.dao.orm.hibernate.LiferayPropertyAccessor" name="accountNo" type="com.liferay.portal.dao.orm.hibernate.StringType" />
		<property access="com.liferay.portal.dao.orm.hibernate.LiferayPropertyAccessor" name="vcId" type="com.liferay.portal.dao.orm.hibernate.StringType" />
		<property access="com.liferay.portal.dao.orm.hibernate.LiferayPropertyAccessor" name="customerId" type="com.liferay.portal.dao.orm.hibernate.StringType" />
		<property access="com.liferay.portal.dao.orm.hibernate.LiferayPropertyAccessor" column="active_" name="active" type="com.liferay.portal.dao.orm.hibernate.BooleanType" />
		<property access="com.liferay.portal.dao.orm.hibernate.LiferayPropertyAccessor" name="startDate" type="org.hibernate.type.TimestampType" />
		<property access="com.liferay.portal.dao.orm.hibernate.LiferayPropertyAccessor" name="endDate" type="org.hibernate.type.TimestampType" />
		<property access="com.liferay.portal.dao.orm.hibernate.LiferayPropertyAccessor" name="planCode" type="com.liferay.portal.dao.orm.hibernate.StringType" />
		<property access="com.liferay.portal.dao.orm.hibernate.LiferayPropertyAccessor" name="categoryCode" type="com.liferay.portal.dao.orm.hibernate.StringType" />
		<property access="com.liferay.portal.dao.orm.hibernate.LiferayPropertyAccessor" name="categoryGroupCode" type="com.liferay.portal.dao.orm.hibernate.StringType" />
		<property access="com.liferay.portal.dao.orm.hibernate.LiferayPropertyAccessor" name="planMappingCode" type="com.liferay.portal.dao.orm.hibernate.StringType" />
		<property access="com.liferay.portal.dao.orm.hibernate.LiferayPropertyAccessor" name="planName" type="com.liferay.portal.dao.orm.hibernate.StringType" />
		<property access="com.liferay.portal.dao.orm.hibernate.LiferayPropertyAccessor" name="categoryName" type="com.liferay.portal.dao.orm.hibernate.StringType" />
		<property access="com.liferay.portal.dao.orm.hibernate.LiferayPropertyAccessor" name="categoryGroupName" type="com.liferay.portal.dao.orm.hibernate.StringType" />
		<property access="com.liferay.portal.dao.orm.hibernate.LiferayPropertyAccessor" name="price" type="com.liferay.portal.dao.orm.hibernate.DoubleType" />
		<property access="com.liferay.portal.dao.orm.hibernate.LiferayPropertyAccessor" name="basicPrice" type="com.liferay.portal.dao.orm.hibernate.DoubleType" />
		<property access="com.liferay.portal.dao.orm.hibernate.LiferayPropertyAccessor" name="cgstPrice" type="com.liferay.portal.dao.orm.hibernate.DoubleType" />
		<property access="com.liferay.portal.dao.orm.hibernate.LiferayPropertyAccessor" name="sgstPrice" type="com.liferay.portal.dao.orm.hibernate.DoubleType" />
		<property access="com.liferay.portal.dao.orm.hibernate.LiferayPropertyAccessor" name="lcoPrice" type="com.liferay.portal.dao.orm.hibernate.DoubleType" />
		<property access="com.liferay.portal.dao.orm.hibernate.LiferayPropertyAccessor" name="lcoBasicPrice" type="com.liferay.portal.dao.orm.hibernate.DoubleType" />
		<property access="com.liferay.portal.dao.orm.hibernate.LiferayPropertyAccessor" name="lcoCgstPrice" type="com.liferay.portal.dao.orm.hibernate.DoubleType" />
		<property access="com.liferay.portal.dao.orm.hibernate.LiferayPropertyAccessor" name="lcoSgstPrice" type="com.liferay.portal.dao.orm.hibernate.DoubleType" />
		<property access="com.liferay.portal.dao.orm.hibernate.LiferayPropertyAccessor" name="bcPrice" type="com.liferay.portal.dao.orm.hibernate.DoubleType" />
		<property access="com.liferay.portal.dao.orm.hibernate.LiferayPropertyAccessor" name="bcBasicPrice" type="com.liferay.portal.dao.orm.hibernate.DoubleType" />
		<property access="com.liferay.portal.dao.orm.hibernate.LiferayPropertyAccessor" name="bcCgstPrice" type="com.liferay.portal.dao.orm.hibernate.DoubleType" />
		<property access="com.liferay.portal.dao.orm.hibernate.LiferayPropertyAccessor" name="bcSgstPrice" type="com.liferay.portal.dao.orm.hibernate.DoubleType" />
		<property access="com.liferay.portal.dao.orm.hibernate.LiferayPropertyAccessor" name="sdCount" type="com.liferay.portal.dao.orm.hibernate.IntegerType" />
		<property access="com.liferay.portal.dao.orm.hibernate.LiferayPropertyAccessor" name="hdCount" type="com.liferay.portal.dao.orm.hibernate.IntegerType" />
		<property access="com.liferay.portal.dao.orm.hibernate.LiferayPropertyAccessor" name="ncfCount" type="com.liferay.portal.dao.orm.hibernate.IntegerType" />
		<property access="com.liferay.portal.dao.orm.hibernate.LiferayPropertyAccessor" name="priority" type="com.liferay.portal.dao.orm.hibernate.IntegerType" />
		<property access="com.liferay.portal.dao.orm.hibernate.LiferayPropertyAccessor" name="reason" type="com.liferay.portal.dao.orm.hibernate.StringType" />
		<property access="com.liferay.portal.dao.orm.hibernate.LiferayPropertyAccessor" name="autoRenew" type="com.liferay.portal.dao.orm.hibernate.BooleanType" />
		<property access="com.liferay.portal.dao.orm.hibernate.LiferayPropertyAccessor" name="mandatory" type="com.liferay.portal.dao.orm.hibernate.BooleanType" />
		<property access="com.liferay.portal.dao.orm.hibernate.LiferayPropertyAccessor" name="visible" type="com.liferay.portal.dao.orm.hibernate.BooleanType" />
		<property access="com.liferay.portal.dao.orm.hibernate.LiferayPropertyAccessor" name="once" type="com.liferay.portal.dao.orm.hibernate.BooleanType" />
		<property access="com.liferay.portal.dao.orm.hibernate.LiferayPropertyAccessor" name="mapping" type="com.liferay.portal.dao.orm.hibernate.BooleanType" />
		<property access="com.liferay.portal.dao.orm.hibernate.LiferayPropertyAccessor" name="cityCode" type="com.liferay.portal.dao.orm.hibernate.StringType" />
		<property access="com.liferay.portal.dao.orm.hibernate.LiferayPropertyAccessor" name="planPoId" type="com.liferay.portal.dao.orm.hibernate.StringType" />
		<property access="com.liferay.portal.dao.orm.hibernate.LiferayPropertyAccessor" name="dealPoId" type="com.liferay.portal.dao.orm.hibernate.StringType" />
		<property access="com.liferay.portal.dao.orm.hibernate.LiferayPropertyAccessor" name="packageId" type="com.liferay.portal.dao.orm.hibernate.StringType" />
		<property access="com.liferay.portal.dao.orm.hibernate.LiferayPropertyAccessor" name="purchasedProductPoId" type="com.liferay.portal.dao.orm.hibernate.StringType" />
		<property access="com.liferay.portal.dao.orm.hibernate.LiferayPropertyAccessor" name="productPoId" type="com.liferay.portal.dao.orm.hibernate.StringType" />
		<property access="com.liferay.portal.dao.orm.hibernate.LiferayPropertyAccessor" name="agentBalanceId" type="com.liferay.portal.dao.orm.hibernate.LongType" />
		<property access="com.liferay.portal.dao.orm.hibernate.LiferayPropertyAccessor" name="cpLcoPrice" type="com.liferay.portal.dao.orm.hibernate.DoubleType" />
		<property access="com.liferay.portal.dao.orm.hibernate.LiferayPropertyAccessor" name="cpAmount" type="com.liferay.portal.dao.orm.hibernate.DoubleType" />
		<property access="com.liferay.portal.dao.orm.hibernate.LiferayPropertyAccessor" name="cpDuration" type="com.liferay.portal.dao.orm.hibernate.LongType" />
		<property access="com.liferay.portal.dao.orm.hibernate.LiferayPropertyAccessor" name="cpEndDate" type="org.hibernate.type.TimestampType" />
	</class>
	<class name="com.jio.account.telecom.model.impl.CPTransactionImpl" table="ATM_CPTransaction">
		<id access="com.liferay.portal.dao.orm.hibernate.LiferayPropertyAccessor" name="cptId" type="java.lang.String">
			<generator class="assigned" />
		</id>
		<property access="com.liferay.portal.dao.orm.hibernate.LiferayPropertyAccessor" name="groupId" type="com.liferay.portal.dao.orm.hibernate.LongType" />
		<property access="com.liferay.portal.dao.orm.hibernate.LiferayPropertyAccessor" name="cpId" type="com.liferay.portal.dao.orm.hibernate.StringType" />
		<property access="com.liferay.portal.dao.orm.hibernate.LiferayPropertyAccessor" name="companyId" type="com.liferay.portal.dao.orm.hibernate.LongType" />
		<property access="com.liferay.portal.dao.orm.hibernate.LiferayPropertyAccessor" name="createBy" type="com.liferay.portal.dao.orm.hibernate.StringType" />
		<property access="com.liferay.portal.dao.orm.hibernate.LiferayPropertyAccessor" name="createDate" type="org.hibernate.type.TimestampType" />
		<property access="com.liferay.portal.dao.orm.hibernate.LiferayPropertyAccessor" name="modifiedDate" type="org.hibernate.type.TimestampType" />
		<property access="com.liferay.portal.dao.orm.hibernate.LiferayPropertyAccessor" name="customerScreenName" type="com.liferay.portal.dao.orm.hibernate.StringType" />
		<property access="com.liferay.portal.dao.orm.hibernate.LiferayPropertyAccessor" name="accountNo" type="com.liferay.portal.dao.orm.hibernate.StringType" />
		<property access="com.liferay.portal.dao.orm.hibernate.LiferayPropertyAccessor" name="vcId" type="com.liferay.portal.dao.orm.hibernate.StringType" />
		<property access="com.liferay.portal.dao.orm.hibernate.LiferayPropertyAccessor" name="customerId" type="com.liferay.portal.dao.orm.hibernate.StringType" />
		<property access="com.liferay.portal.dao.orm.hibernate.LiferayPropertyAccessor" column="active_" name="active" type="com.liferay.portal.dao.orm.hibernate.BooleanType" />
		<property access="com.liferay.portal.dao.orm.hibernate.LiferayPropertyAccessor" name="startDate" type="org.hibernate.type.TimestampType" />
		<property access="com.liferay.portal.dao.orm.hibernate.LiferayPropertyAccessor" name="endDate" type="org.hibernate.type.TimestampType" />
		<property access="com.liferay.portal.dao.orm.hibernate.LiferayPropertyAccessor" name="planCode" type="com.liferay.portal.dao.orm.hibernate.StringType" />
		<property access="com.liferay.portal.dao.orm.hibernate.LiferayPropertyAccessor" name="categoryCode" type="com.liferay.portal.dao.orm.hibernate.StringType" />
		<property access="com.liferay.portal.dao.orm.hibernate.LiferayPropertyAccessor" name="categoryGroupCode" type="com.liferay.portal.dao.orm.hibernate.StringType" />
		<property access="com.liferay.portal.dao.orm.hibernate.LiferayPropertyAccessor" name="planMappingCode" type="com.liferay.portal.dao.orm.hibernate.StringType" />
		<property access="com.liferay.portal.dao.orm.hibernate.LiferayPropertyAccessor" name="planName" type="com.liferay.portal.dao.orm.hibernate.StringType" />
		<property access="com.liferay.portal.dao.orm.hibernate.LiferayPropertyAccessor" name="categoryName" type="com.liferay.portal.dao.orm.hibernate.StringType" />
		<property access="com.liferay.portal.dao.orm.hibernate.LiferayPropertyAccessor" name="categoryGroupName" type="com.liferay.portal.dao.orm.hibernate.StringType" />
		<property access="com.liferay.portal.dao.orm.hibernate.LiferayPropertyAccessor" name="price" type="com.liferay.portal.dao.orm.hibernate.DoubleType" />
		<property access="com.liferay.portal.dao.orm.hibernate.LiferayPropertyAccessor" name="basicPrice" type="com.liferay.portal.dao.orm.hibernate.DoubleType" />
		<property access="com.liferay.portal.dao.orm.hibernate.LiferayPropertyAccessor" name="cgstPrice" type="com.liferay.portal.dao.orm.hibernate.DoubleType" />
		<property access="com.liferay.portal.dao.orm.hibernate.LiferayPropertyAccessor" name="sgstPrice" type="com.liferay.portal.dao.orm.hibernate.DoubleType" />
		<property access="com.liferay.portal.dao.orm.hibernate.LiferayPropertyAccessor" name="lcoPrice" type="com.liferay.portal.dao.orm.hibernate.DoubleType" />
		<property access="com.liferay.portal.dao.orm.hibernate.LiferayPropertyAccessor" name="lcoBasicPrice" type="com.liferay.portal.dao.orm.hibernate.DoubleType" />
		<property access="com.liferay.portal.dao.orm.hibernate.LiferayPropertyAccessor" name="lcoCgstPrice" type="com.liferay.portal.dao.orm.hibernate.DoubleType" />
		<property access="com.liferay.portal.dao.orm.hibernate.LiferayPropertyAccessor" name="lcoSgstPrice" type="com.liferay.portal.dao.orm.hibernate.DoubleType" />
		<property access="com.liferay.portal.dao.orm.hibernate.LiferayPropertyAccessor" name="bcPrice" type="com.liferay.portal.dao.orm.hibernate.DoubleType" />
		<property access="com.liferay.portal.dao.orm.hibernate.LiferayPropertyAccessor" name="bcBasicPrice" type="com.liferay.portal.dao.orm.hibernate.DoubleType" />
		<property access="com.liferay.portal.dao.orm.hibernate.LiferayPropertyAccessor" name="bcCgstPrice" type="com.liferay.portal.dao.orm.hibernate.DoubleType" />
		<property access="com.liferay.portal.dao.orm.hibernate.LiferayPropertyAccessor" name="bcSgstPrice" type="com.liferay.portal.dao.orm.hibernate.DoubleType" />
		<property access="com.liferay.portal.dao.orm.hibernate.LiferayPropertyAccessor" name="sdCount" type="com.liferay.portal.dao.orm.hibernate.IntegerType" />
		<property access="com.liferay.portal.dao.orm.hibernate.LiferayPropertyAccessor" name="hdCount" type="com.liferay.portal.dao.orm.hibernate.IntegerType" />
		<property access="com.liferay.portal.dao.orm.hibernate.LiferayPropertyAccessor" name="ncfCount" type="com.liferay.portal.dao.orm.hibernate.IntegerType" />
		<property access="com.liferay.portal.dao.orm.hibernate.LiferayPropertyAccessor" name="priority" type="com.liferay.portal.dao.orm.hibernate.IntegerType" />
		<property access="com.liferay.portal.dao.orm.hibernate.LiferayPropertyAccessor" name="reason" type="com.liferay.portal.dao.orm.hibernate.StringType" />
		<property access="com.liferay.portal.dao.orm.hibernate.LiferayPropertyAccessor" name="autoRenew" type="com.liferay.portal.dao.orm.hibernate.BooleanType" />
		<property access="com.liferay.portal.dao.orm.hibernate.LiferayPropertyAccessor" name="mandatory" type="com.liferay.portal.dao.orm.hibernate.BooleanType" />
		<property access="com.liferay.portal.dao.orm.hibernate.LiferayPropertyAccessor" name="visible" type="com.liferay.portal.dao.orm.hibernate.BooleanType" />
		<property access="com.liferay.portal.dao.orm.hibernate.LiferayPropertyAccessor" name="once" type="com.liferay.portal.dao.orm.hibernate.BooleanType" />
		<property access="com.liferay.portal.dao.orm.hibernate.LiferayPropertyAccessor" name="mapping" type="com.liferay.portal.dao.orm.hibernate.BooleanType" />
		<property access="com.liferay.portal.dao.orm.hibernate.LiferayPropertyAccessor" name="cityCode" type="com.liferay.portal.dao.orm.hibernate.StringType" />
		<property access="com.liferay.portal.dao.orm.hibernate.LiferayPropertyAccessor" name="planPoId" type="com.liferay.portal.dao.orm.hibernate.StringType" />
		<property access="com.liferay.portal.dao.orm.hibernate.LiferayPropertyAccessor" name="dealPoId" type="com.liferay.portal.dao.orm.hibernate.StringType" />
		<property access="com.liferay.portal.dao.orm.hibernate.LiferayPropertyAccessor" name="packageId" type="com.liferay.portal.dao.orm.hibernate.StringType" />
		<property access="com.liferay.portal.dao.orm.hibernate.LiferayPropertyAccessor" name="purchasedProductPoId" type="com.liferay.portal.dao.orm.hibernate.StringType" />
		<property access="com.liferay.portal.dao.orm.hibernate.LiferayPropertyAccessor" name="productPoId" type="com.liferay.portal.dao.orm.hibernate.StringType" />
		<property access="com.liferay.portal.dao.orm.hibernate.LiferayPropertyAccessor" name="agentBalanceId" type="com.liferay.portal.dao.orm.hibernate.LongType" />
		<property access="com.liferay.portal.dao.orm.hibernate.LiferayPropertyAccessor" name="cpLcoPrice" type="com.liferay.portal.dao.orm.hibernate.DoubleType" />
		<property access="com.liferay.portal.dao.orm.hibernate.LiferayPropertyAccessor" name="cpAmount" type="com.liferay.portal.dao.orm.hibernate.DoubleType" />
		<property access="com.liferay.portal.dao.orm.hibernate.LiferayPropertyAccessor" name="cpDuration" type="com.liferay.portal.dao.orm.hibernate.LongType" />
		<property access="com.liferay.portal.dao.orm.hibernate.LiferayPropertyAccessor" name="cpEndDate" type="org.hibernate.type.TimestampType" />
	</class>
</hibernate-mapping>