<?xml version="1.0"?>

<model-hints>
	<model name="com.jio.account.telecom.model.CP">
		<field name="cpId" type="String" />
		<field name="groupId" type="long" />
		<field name="companyId" type="long" />
		<field name="createBy" type="String" />
		<field name="createDate" type="Date" />
		<field name="modifiedDate" type="Date" />
		<field name="customerScreenName" type="String" />
		<field name="accountNo" type="String" />
		<field name="vcId" type="String" />
		<field name="customerId" type="String" />
		<field name="active" type="boolean" />
		<field name="startDate" type="Date" />
		<field name="endDate" type="Date" />
		<field name="planCode" type="String" />
		<field name="categoryCode" type="String" />
		<field name="categoryGroupCode" type="String" />
		<field name="planMappingCode" type="String" />
		<field name="planName" type="String" />
		<field name="categoryName" type="String" />
		<field name="categoryGroupName" type="String" />
		<field name="price" type="double" />
		<field name="basicPrice" type="double" />
		<field name="cgstPrice" type="double" />
		<field name="sgstPrice" type="double" />
		<field name="lcoPrice" type="double" />
		<field name="lcoBasicPrice" type="double" />
		<field name="lcoCgstPrice" type="double" />
		<field name="lcoSgstPrice" type="double" />
		<field name="bcPrice" type="double" />
		<field name="bcBasicPrice" type="double" />
		<field name="bcCgstPrice" type="double" />
		<field name="bcSgstPrice" type="double" />
		<field name="sdCount" type="int" />
		<field name="hdCount" type="int" />
		<field name="ncfCount" type="int" />
		<field name="priority" type="int" />
		<field name="reason" type="String" />
		<field name="autoRenew" type="boolean" />
		<field name="mandatory" type="boolean" />
		<field name="visible" type="boolean" />
		<field name="once" type="boolean" />
		<field name="mapping" type="boolean" />
		<field name="cityCode" type="String" />
		<field name="planPoId" type="String" />
		<field name="dealPoId" type="String" />
		<field name="packageId" type="String" />
		<field name="purchasedProductPoId" type="String" />
		<field name="productPoId" type="String" />
		<field name="agentBalanceId" type="long" />
		<field name="cpLcoPrice" type="double" />
		<field name="cpAmount" type="double" />
		<field name="cpDuration" type="long" />
		<field name="cpEndDate" type="Date" />
	</model>
	<model name="com.jio.account.telecom.model.CPTransaction">
		<field name="cptId" type="String" />
		<field name="groupId" type="long" />
		<field name="cpId" type="String" />
		<field name="companyId" type="long" />
		<field name="createBy" type="String" />
		<field name="createDate" type="Date" />
		<field name="modifiedDate" type="Date" />
		<field name="customerScreenName" type="String" />
		<field name="accountNo" type="String" />
		<field name="vcId" type="String" />
		<field name="customerId" type="String" />
		<field name="active" type="boolean" />
		<field name="startDate" type="Date" />
		<field name="endDate" type="Date" />
		<field name="planCode" type="String" />
		<field name="categoryCode" type="String" />
		<field name="categoryGroupCode" type="String" />
		<field name="planMappingCode" type="String" />
		<field name="planName" type="String" />
		<field name="categoryName" type="String" />
		<field name="categoryGroupName" type="String" />
		<field name="price" type="double" />
		<field name="basicPrice" type="double" />
		<field name="cgstPrice" type="double" />
		<field name="sgstPrice" type="double" />
		<field name="lcoPrice" type="double" />
		<field name="lcoBasicPrice" type="double" />
		<field name="lcoCgstPrice" type="double" />
		<field name="lcoSgstPrice" type="double" />
		<field name="bcPrice" type="double" />
		<field name="bcBasicPrice" type="double" />
		<field name="bcCgstPrice" type="double" />
		<field name="bcSgstPrice" type="double" />
		<field name="sdCount" type="int" />
		<field name="hdCount" type="int" />
		<field name="ncfCount" type="int" />
		<field name="priority" type="int" />
		<field name="reason" type="String" />
		<field name="autoRenew" type="boolean" />
		<field name="mandatory" type="boolean" />
		<field name="visible" type="boolean" />
		<field name="once" type="boolean" />
		<field name="mapping" type="boolean" />
		<field name="cityCode" type="String" />
		<field name="planPoId" type="String" />
		<field name="dealPoId" type="String" />
		<field name="packageId" type="String" />
		<field name="purchasedProductPoId" type="String" />
		<field name="productPoId" type="String" />
		<field name="agentBalanceId" type="long" />
		<field name="cpLcoPrice" type="double" />
		<field name="cpAmount" type="double" />
		<field name="cpDuration" type="long" />
		<field name="cpEndDate" type="Date" />
	</model>
</model-hints>