<?xml version="1.0"?>

<model-hints>
	<model name="com.jio.account.notification.model.NotificationLog">
		<field name="notificationId" type="String" />
		<field name="customerAccountNo" type="String" />
		<field name="customerScreenName" type="String" />
		<field name="messageTemplateDescId" type="long" />
		<field name="messageTemplateCode" type="String" />
		<field name="transactionNo" type="String" />
		<field name="agentAccountNo" type="String" />
		<field name="groupId" type="long" />
		<field name="companyId" type="long" />
		<field name="createBy" type="String" />
		<field name="createDate" type="Date" />
		<field name="sendDate" type="Date" />
	</model>
</model-hints>