<?xml version="1.0"?>
<!DOCTYPE service-builder PUBLIC "-//Liferay//DTD Service Builder 7.2.0//EN" "http://www.liferay.com/dtd/liferay-service-builder_7_2_0.dtd">

<service-builder dependency-injector="ds" package-path="com.jio.account.device">
	<namespace>AD</namespace>

	<entity local-service="true" name="Device" remote-service="false">

		<!-- PK fields -->

		<column name="deviceId" primary="true" type="long" />

		<!-- Group instance -->

		<column name="groupId" type="long" />

		<!-- Audit fields -->

		<column name="companyId" type="long" />
		<column name="userId" type="long" />
		<column name="createDate" type="Date" />
		<column name="modifiedDate" type="Date" />

		<!-- Other fields -->

		<column name="vcId" type="String" />
		<column name="stbNo" type="String" />
		<column name="status" type="int" />

		<!-- Order -->

		<order by="desc">
			<order-column name="modifiedDate" />
		</order>

		<!-- Finder methods -->
		
		<finder name="VCId_StbNo" return-type="Device">
			<finder-column name="vcId" />
			<finder-column name="stbNo" />
			<finder-column name="companyId"/>
		</finder>

		<finder name="VCId" return-type="Device">
			<finder-column name="vcId" />
			<finder-column name="companyId"/>
		</finder>
		
		<finder name="StbNo" return-type="Device">
			<finder-column name="stbNo" />
			<finder-column name="companyId"/>
		</finder>
		
		<finder name="CompanyId" return-type="Collection">
			<finder-column name="companyId"/>
		</finder>

	</entity>
</service-builder>