<?xml version="1.0"?>

<model-hints>
	<hint-collection name="TEXTAREA">
		<hint name="max-length">400</hint>
	</hint-collection>
	<hint-collection name="LABEL">
		<hint name="max-length">200</hint>
	</hint-collection>
	<model name="com.jio.account.model.Address">
		<field name="addressId" type="String" />
		<field name="customerId" type="String" />
		<field name="groupId" type="long" />
		<field name="companyId" type="long" />
		<field name="createBy" type="String" />
		<field name="createDate" type="Date" />
		<field name="modifiedDate" type="Date" />
		<field name="screenName" type="String" />
		<field name="countryCode" type="String" />
		<field name="regionCode" type="String" />
		<field name="stateCode" type="String" />
		<field name="cityCode" type="String" />
		<field name="areaCode" type="String" />
		<field name="pincode" type="String" />
		<field name="street" type="String" />
		<field name="location" type="String" />
		<field name="flatNo" type="String" />
		<field name="building" type="String" />
		<field name="address" type="String">
			<hint-collection name="TEXTAREA" />
		</field>
		<field name="type" type="String" />
	</model>
	<model name="com.jio.account.model.Agent">
		<field name="agentId" type="String" />
		<field name="groupId" type="long" />
		<field name="companyId" type="long" />
		<field name="createBy" type="String" />
		<field name="createDate" type="Date" />
		<field name="modifiedDate" type="Date" />
		<field name="screenName" type="String" />
		<field name="name" type="String" />
		<field name="parentCode" type="String" />
		<field name="primary" type="boolean" />
		<field name="prefDom" type="String" />
		<field name="poId" type="String" />
		<field name="accountNo" type="String" />
		<field name="gstinNo" type="String" />
		<field name="status" type="int" />
		<field name="autoRenew" type="boolean" />
		<field name="legacyCode" type="String" />
		<field name="clientCode" type="String" />
		<field name="bouquetCode" type="String" />
		<field name="jvNo" type="String" />
		<field name="directNo" type="String" />
		<field name="distributor" type="String" />
		<field name="subDistributor" type="String" />
		<field name="jvPoId" type="String" />
		<field name="directPoId" type="String" />
		<field name="distributorPoId" type="String" />
		<field name="subDistributorPoId" type="String" />
		<field name="jvName" type="String" />
		<field name="directName" type="String" />
		<field name="distributorName" type="String" />
		<field name="subDistributorName" type="String" />
		<field name="panNo" type="String" />
		<field name="reportDate" type="Date" />
		<field name="ppType" type="String" />
		<field name="locator" type="String" />
	</model>
	<model name="com.jio.account.model.AgentCustomerMapping">
		<field name="mappingId" type="String" />
		<field name="agentScreenName" type="String" />
		<field name="customerScreenName" type="String" />
		<field name="groupId" type="long" />
		<field name="companyId" type="long" />
		<field name="createBy" type="String" />
		<field name="createDate" type="Date" />
		<field name="modifiedDate" type="Date" />
	</model>
	<model name="com.jio.account.model.Contact">
		<field name="contactId" type="String" />
		<field name="customerId" type="String" />
		<field name="groupId" type="long" />
		<field name="companyId" type="long" />
		<field name="createBy" type="String" />
		<field name="createDate" type="Date" />
		<field name="modifiedDate" type="Date" />
		<field name="screenName" type="String" />
		<field name="mobileNo" type="String" />
		<field name="landLineNo" type="String" />
		<field name="email" type="String" />
		<field name="primary" type="boolean" />
	</model>
	<model name="com.jio.account.model.Customer">
		<field name="customerId" type="String" />
		<field name="groupId" type="long" />
		<field name="companyId" type="long" />
		<field name="createBy" type="String" />
		<field name="createDate" type="Date" />
		<field name="modifiedDate" type="Date" />
		<field name="salutation" type="String" />
		<field name="firstName" type="String" />
		<field name="middleName" type="String" />
		<field name="lastName" type="String" />
		<field name="screenName" type="String" />
		<field name="agentScreenName" type="String" />
		<field name="brmId" type="String" />
		<field name="vcId" type="String" />
		<field name="stbNo" type="String" />
		<field name="macId" type="String" />
		<field name="accountNo" type="String" />
		<field name="poId" type="String" />
		<field name="connectionType" type="String" />
		<field name="batId" type="String" />
		<field name="serviceType" type="String" />
		<field name="status" type="String" />
		<field name="primary" type="boolean" />
		<field name="remark" type="String">
			<hint-collection name="TEXTAREA" />
		</field>
		<field name="vcPoId" type="String" />
		<field name="stbPoId" type="String" />
		<field name="macPoId" type="String" />
		<field name="servicePoId" type="String" />
		<field name="autoRenew" type="boolean" />
	</model>
	<model name="com.jio.account.model.Document">
		<field name="documentId" type="String" />
		<field name="customerId" type="String" />
		<field name="groupId" type="long" />
		<field name="companyId" type="long" />
		<field name="createBy" type="String" />
		<field name="createDate" type="Date" />
		<field name="modifiedDate" type="Date" />
		<field name="category" type="String" />
		<field name="screenName" type="String" />
		<field name="name" type="String" />
		<field name="type" type="String" />
	</model>
</model-hints>