<?xml version="1.0"?>
<!DOCTYPE service-builder PUBLIC "-//Liferay//DTD Service Builder 7.2.0//EN" "http://www.liferay.com/dtd/liferay-service-builder_7_2_0.dtd">

<service-builder dependency-injector="ds"
	package-path="com.jio.account.telecom">
	<namespace>ATM</namespace>

	<entity local-service="true" name="CP" remote-service="false"
		uuid="false">

		<!-- PK fields -->
		<column name="cpId" primary="true" type="String" />

		<!-- Group instance -->
		<column name="groupId" type="long" />


		<!-- Audit fields -->
		<column name="companyId" type="long" />
		<column name="createBy" type="String" />
		<column name="createDate" type="Date" />
		<column name="modifiedDate" type="Date" />

		<!-- Other fields -->
		<column name="customerScreenName" type="String" />
		<column name="accountNo" type="String" />
		<column name="vcId" type="String" />
		<column name="customerId" type="String" />
		<column name="active" type="boolean" />

		<column name="startDate" type="Date" />
		<column name="endDate" type="Date" />

		<column name="planCode" type="String" />
		<column name="categoryCode" type="String" />
		<column name="categoryGroupCode" type="String" />
		<column name="planMappingCode" type="String" />

		<column name="planName" type="String" />
		<column name="categoryName" type="String" />
		<column name="categoryGroupName" type="String" />

		<column name="price" type="double" />
		<column name="basicPrice" type="double" />
		<column name="cgstPrice" type="double" />
		<column name="sgstPrice" type="double" />

		<column name="lcoPrice" type="double" />
		<column name="lcoBasicPrice" type="double" />
		<column name="lcoCgstPrice" type="double" />
		<column name="lcoSgstPrice" type="double" />

		<column name="bcPrice" type="double" />
		<column name="bcBasicPrice" type="double" />
		<column name="bcCgstPrice" type="double" />
		<column name="bcSgstPrice" type="double" />

		<column name="sdCount" type="int" />
		<column name="hdCount" type="int" />
		<column name="ncfCount" type="int" />
		<column name="priority" type="int" />


		<column name="reason" type="String" />
		<column name="autoRenew" type="boolean" />
		<column name="mandatory" type="boolean" />
		<column name="visible" type="boolean" />
		<column name="once" type="boolean" />
		<column name="mapping" type="boolean" />
		<column name="cityCode" type="String" />

		<column name="planPoId" type="String" />
		<column name="dealPoId" type="String" />
		<column name="packageId" type="String" />
		<column name="purchasedProductPoId" type="String" />
		<column name="productPoId" type="String" />

		<column name="agentBalanceId" type="long" />
		<column name="cpLcoPrice" type="double" />
		<column name="cpAmount" type="double" />
		<column name="cpDuration" type="long" />
		<column name="cpEndDate" type="Date" />
		<!-- Order -->

		<order by="desc">
			<order-column name="cpId" />
			<order-column name="companyId" />
			<order-column name="modifiedDate" />
		</order>

		<!-- Finder methods -->

		<finder name="CPId" return-type="CP">
			<finder-column name="cpId" />
			<finder-column name="companyId" />
		</finder>

		<finder name="AutoRenew" return-type="Collection">
			<finder-column name="autoRenew" />
			<finder-column name="companyId" />
		</finder>

		<finder name="CompanyId" return-type="Collection">
			<finder-column name="companyId" />
		</finder>

		<finder name="AN_CSN" return-type="Collection">
			<finder-column name="accountNo" />
			<finder-column name="customerScreenName" />
			<finder-column name="companyId" />
		</finder>

		<finder name="AN_CSN_P" return-type="CP">
			<finder-column name="accountNo" />
			<finder-column name="customerScreenName" />
			<finder-column name="planCode" />
			<finder-column name="companyId" />
		</finder>

		<finder name="AN_CSN_P_A" return-type="CP">
			<finder-column name="accountNo" />
			<finder-column name="customerScreenName" />
			<finder-column name="planCode" />
			<finder-column name="active" />
			<finder-column name="companyId" />
		</finder>

		<finder name="AN_CSN_C" return-type="Collection">
			<finder-column name="accountNo" />
			<finder-column name="customerScreenName" />
			<finder-column name="categoryCode"
				arrayable-operator="OR" />
			<finder-column name="companyId" />
		</finder>

		<finder name="AN_CSN_C_A" return-type="Collection">
			<finder-column name="accountNo" />
			<finder-column name="customerScreenName" />
			<finder-column name="categoryCode"
				arrayable-operator="OR" />
			<finder-column name="active" />
			<finder-column name="companyId" />
		</finder>

		<finder name="AN_CSN_A" return-type="Collection">
			<finder-column name="accountNo" />
			<finder-column name="customerScreenName" />
			<finder-column name="active" />
			<finder-column name="companyId" />
		</finder>

		<finder name="AN_CSN_A_V" return-type="Collection">
			<finder-column name="accountNo" />
			<finder-column name="customerScreenName" />
			<finder-column name="active" />
			<finder-column name="visible" />
			<finder-column name="companyId" />
		</finder>

		<finder name="AN_CSN_A_M" return-type="Collection">
			<finder-column name="accountNo" />
			<finder-column name="customerScreenName" />
			<finder-column name="active" />
			<finder-column name="mandatory" />
			<finder-column name="companyId" />
		</finder>

	</entity>

	<entity local-service="true" name="CPTransaction"
		remote-service="false" uuid="false">

		<!-- PK fields -->
		<column name="cptId" primary="true" type="String" />

		<!-- Group instance -->
		<column name="groupId" type="long" />

		<!-- Audit fields -->
		<column name="cpId" type="String" />
		<column name="companyId" type="long" />
		<column name="createBy" type="String" />
		<column name="createDate" type="Date" />
		<column name="modifiedDate" type="Date" />

		<!-- Other fields -->
		<column name="customerScreenName" type="String" />
		<column name="accountNo" type="String" />
		<column name="vcId" type="String" />
		<column name="customerId" type="String" />
		<column name="active" type="boolean" />

		<column name="startDate" type="Date" />
		<column name="endDate" type="Date" />

		<column name="planCode" type="String" />
		<column name="categoryCode" type="String" />
		<column name="categoryGroupCode" type="String" />
		<column name="planMappingCode" type="String" />

		<column name="planName" type="String" />
		<column name="categoryName" type="String" />
		<column name="categoryGroupName" type="String" />

		<column name="price" type="double" />
		<column name="basicPrice" type="double" />
		<column name="cgstPrice" type="double" />
		<column name="sgstPrice" type="double" />

		<column name="lcoPrice" type="double" />
		<column name="lcoBasicPrice" type="double" />
		<column name="lcoCgstPrice" type="double" />
		<column name="lcoSgstPrice" type="double" />

		<column name="bcPrice" type="double" />
		<column name="bcBasicPrice" type="double" />
		<column name="bcCgstPrice" type="double" />
		<column name="bcSgstPrice" type="double" />

		<column name="sdCount" type="int" />
		<column name="hdCount" type="int" />
		<column name="ncfCount" type="int" />
		<column name="priority" type="int" />

		<column name="reason" type="String" />
		<column name="autoRenew" type="boolean" />
		<column name="mandatory" type="boolean" />
		<column name="visible" type="boolean" />
		<column name="once" type="boolean" />
		<column name="mapping" type="boolean" />
		<column name="cityCode" type="String" />

		<column name="planPoId" type="String" />
		<column name="dealPoId" type="String" />
		<column name="packageId" type="String" />
		<column name="purchasedProductPoId" type="String" />
		<column name="productPoId" type="String" />

		<column name="agentBalanceId" type="long" />
		<column name="cpLcoPrice" type="double" />
		<column name="cpAmount" type="double" />
		<column name="cpDuration" type="long" />
		<column name="cpEndDate" type="Date" />
		<!-- Order -->
		<order by="asc">
			<order-column name="cptId" />
			<order-column name="cpId" />
			<order-column name="companyId" />
			<order-column name="modifiedDate" />
		</order>

		<!-- Finder methods -->
		<finder name="CompanyId" return-type="Collection">
			<finder-column name="companyId" />
		</finder>

		<finder name="AN_PC_SD_ED_C" return-type="Collection">
			<finder-column name="accountNo" />
			<finder-column name="planCode" />
			<finder-column name="startDate" />
			<finder-column name="endDate" />
			<finder-column name="companyId" />
		</finder>

		<finder name="CPId" return-type="Collection">
			<finder-column name="cpId" />
		</finder>

	</entity>
</service-builder>