<?xml version="1.0"?>
<!DOCTYPE service-builder PUBLIC "-//Liferay//DTD Service Builder 7.2.0//EN" "http://www.liferay.com/dtd/liferay-service-builder_7_2_0.dtd">

<service-builder dependency-injector="ds" package-path="com.jio.account">
	<namespace>ACCOUNT</namespace>
	<entity local-service="true" name="Agent" remote-service="false" >

		<!-- PK fields -->
		<column name="agentId" primary="true" type="String" />

		<!-- Group instance -->
		<column name="groupId" type="long" />
		<column name="companyId" type="long" />

		<!-- Audit fields -->		
		<column name="createBy" type="String" />
		<column name="createDate" type="Date" />
		<column name="modifiedDate" type="Date" />

		<!-- Other fields -->
		<column name="screenName" type="String" />
		<column name="name" type="String" />
		<column name="parentCode" type="String" />
		<column name="primary" type="boolean" />
		<column name="prefDom" type="String" />
		<column name="poId" type="String" />
		<column name="accountNo" type="String" />
		<column name="gstinNo" type="String" />
		<column name="status" type="int" />
		<column name="autoRenew" type="boolean" />
		<column name="legacyCode" type="String" />
		<column name="clientCode" type="String" />
		<column name="bouquetCode" type="String" />
		
		<!-- New fields -->
		<column name="jvNo" type="String" />
		<column name="directNo" type="String" />
		<column name="distributor" type="String" />
		<column name="subDistributor" type="String" />
		
		<column name="jvPoId" type="String" />
		<column name="directPoId" type="String" />
		<column name="distributorPoId" type="String" />
		<column name="subDistributorPoId" type="String" />
		
		<column name="jvName" type="String" />
		<column name="directName" type="String" />
		<column name="distributorName" type="String" />
		<column name="subDistributorName" type="String" />
		
		<column name="panNo" type="String" />
		<column name="reportDate" type="Date" />
		<column name="ppType" type="String" />
		<column name="locator" type="String" />

		<!-- Order -->
		<order by="desc">
			<order-column name="modifiedDate" />
		</order>

		<!-- Finder methods -->
		<finder name="CompanyId" return-type="Collection">
			<finder-column name="companyId" />
		</finder>
			
		<finder name="ScreenName" return-type="Agent">
			<finder-column name="companyId" />
			<finder-column name="screenName" />
		</finder>
		
		<finder name="LegacyCode" return-type="Agent">
			<finder-column name="companyId" />
			<finder-column name="legacyCode" />
		</finder>
		
		<finder name="ClientCode" return-type="Agent">
			<finder-column name="companyId" />
			<finder-column name="clientCode" />
		</finder>
		
		<finder name="ParentCodeAndIsPrimary" return-type="Collection">
			<finder-column name="companyId" />
			<finder-column name="parentCode" />
			<finder-column name="primary" />
		</finder>
		
		<finder name="ParentCode" return-type="Collection">
			<finder-column name="parentCode" />
			<finder-column name="companyId" />
		</finder>
		
		<finder name="ScreenNameAndParentCode" return-type="Agent">
			<finder-column name="companyId" />
			<finder-column name="screenName" />
			<finder-column name="parentCode" />
		</finder>
		
		<finder name="PrimaryStatus" return-type="Collection">
			<finder-column name="companyId" />
			<finder-column name="primary" />
		</finder>

	</entity>
	
	<entity local-service="true" name="Customer" remote-service="false" >

		<!-- PK fields -->
		<column name="customerId" primary="true" type="String" />

		<!-- Group instance -->
		<column name="groupId" type="long" />
		<column name="companyId" type="long" />

		<!-- Audit fields -->		
		<column name="createBy" type="String" />
		<column name="createDate" type="Date" />
		<column name="modifiedDate" type="Date" />

		<!-- Other fields -->
		<column name="salutation" type="String" />
		<column name="firstName" type="String" />
		<column name="middleName" type="String" />
		<column name="lastName" type="String" />
		
		<column name="screenName" type="String" />
		<column name="agentScreenName" type="String" />
		<column name="brmId" type="String" />
		<column name="vcId" type="String" />
		<column name="stbNo" type="String" />
		<column name="macId" type="String" />
		<column name="accountNo" type="String" />
		<column name="poId" type="String" />
		<column name="connectionType" type="String" />
		<column name="batId" type="String" />
		<column name="serviceType" type="String" />
		<column name="status" type="String" />
		<column name="primary" type="boolean" />
		<column name="remark" type="String" />
		<column name="vcPoId" type="String" />
		<column name="stbPoId" type="String" />
		<column name="macPoId" type="String" />
		<column name="servicePoId" type="String" />
		
		<column name="autoRenew" type="boolean" />
		
		<!-- Order -->
		<order by="desc">
			<order-column name="modifiedDate" />
		</order>

		<!-- Finder methods -->
		<finder name="CustomerId" return-type="Customer">
			<finder-column name="customerId" />
			<finder-column name="companyId" />
		</finder>
		
		<finder name="AN_VCID_ASN" return-type="Customer">
			<finder-column name="accountNo" />
			<finder-column name="vcId" />
			<finder-column name="agentScreenName" />
			<finder-column name="companyId" />
		</finder>
		
		<finder name="AN_STBNO_ASN" return-type="Customer">
			<finder-column name="accountNo" />
			<finder-column name="stbNo" />
			<finder-column name="agentScreenName" />
			<finder-column name="companyId" />
		</finder>
		
		<finder name="AN_MACID_ASN" return-type="Customer">
			<finder-column name="accountNo" />
			<finder-column name="macId" />
			<finder-column name="agentScreenName" />
			<finder-column name="companyId" />
		</finder>
		
		<finder name="AccountNo" return-type="Customer">
			<finder-column name="accountNo" />
			<finder-column name="companyId" />
		</finder>
		
		<finder name="VcId_C" return-type="Customer">
			<finder-column name="vcId" />
			<finder-column name="companyId" />
		</finder>
		
		<finder name="StbNo_C" return-type="Customer">
			<finder-column name="stbNo" />
			<finder-column name="companyId" />
		</finder>
		
		<finder name="MacId_C" return-type="Customer">
			<finder-column name="macId" />
			<finder-column name="companyId" />
		</finder>
		
		<finder name="AN_SCN" return-type="Customer">
			<finder-column name="accountNo" />
			<finder-column name="screenName" />
			<finder-column name="companyId" />
		</finder>
		
		<finder name="SCN_P" return-type="Collection">
			<finder-column name="screenName" />
			<finder-column name="primary" />
			<finder-column name="companyId" />
		</finder>
		
		<finder name="ScreenName" return-type="Collection">
			<finder-column name="screenName" />
			<finder-column name="companyId" />
		</finder>
		
		<finder name="CompanyId" return-type="Collection">
			<finder-column name="companyId" />
		</finder>
		
		<finder name="AN_C" return-type="Collection">
			<finder-column name="accountNo" comparator="LIKE" />
			<finder-column name="companyId" />
		</finder>
		
		<finder name="SN_C" return-type="Collection">
			<finder-column name="screenName" comparator="LIKE" />
			<finder-column name="companyId" />
		</finder>
		
		<finder name="S_C" return-type="Collection">
			<finder-column name="status" comparator="LIKE" />
			<finder-column name="companyId" />
		</finder>
		
		<finder name="VC_C" return-type="Collection">
			<finder-column name="vcId" comparator="LIKE" />
			<finder-column name="companyId" />
		</finder>
		
		<finder name="STB_C" return-type="Collection">
			<finder-column name="stbNo" comparator="LIKE" />
			<finder-column name="companyId" />
		</finder>
		
		<finder name="MAC_C" return-type="Collection">
			<finder-column name="macId" comparator="LIKE" />
			<finder-column name="companyId" />
		</finder>
		
		<finder name="AgentScreenName" return-type="Collection">
			<finder-column name="agentScreenName" />
			<finder-column name="companyId" />
		</finder>
		
		<finder name="ScreenNameSearch" return-type="Collection">
			<finder-column name="screenName" comparator="LIKE" />
			<finder-column name="companyId" />
			<finder-column name="agentScreenName" />
		</finder>
		
		<finder name="Status" return-type="Collection">
			<finder-column name="status" comparator="LIKE" />
			<finder-column name="companyId" />
			<finder-column name="agentScreenName" />
		</finder>
		
		<finder name="VcId" return-type="Collection">
			<finder-column name="vcId" comparator="LIKE" />
			<finder-column name="companyId" />
			<finder-column name="agentScreenName" />
		</finder>
		
		<finder name="StbNo" return-type="Collection">
			<finder-column name="stbNo" comparator="LIKE" />
			<finder-column name="companyId" />
			<finder-column name="agentScreenName" />
		</finder>
		
		<finder name="MacId" return-type="Collection">
			<finder-column name="macId" comparator="LIKE" />
			<finder-column name="companyId" />
			<finder-column name="agentScreenName" />
		</finder>
	</entity>
	
	<entity local-service="true" name="Address" remote-service="false" >

		<!-- PK fields -->
		<column name="addressId" primary="true" type="String" />
		
		<!-- FK fields -->
		<column name="customerId" type="String" />
		
		<!-- Group instance -->
		<column name="groupId" type="long" />
		<column name="companyId" type="long" />
		
		<!-- Audit fields -->
		<column name="createBy" type="String" />
		<column name="createDate" type="Date" />
		<column name="modifiedDate" type="Date" />

		<!-- Other fields -->
		<column name="screenName" type="String" />
		<column name="countryCode" type="String" />
		<column name="regionCode" type="String" />
		<column name="stateCode" type="String" />
		<column name="cityCode" type="String" />
		<column name="areaCode" type="String" />
		<column name="pincode" type="String" />
		<column name="street" type="String" />
		<column name="location" type="String" />
		<column name="flatNo" type="String" />
		<column name="building" type="String" />
		<column name="address" type="String" />
		<column name="type" type="String" />

		<!-- Order -->
		<order by="desc">
			<order-column name="modifiedDate" />
		</order>
		
		<!-- Finder methods -->
		
		<finder name="CustomerId" return-type="Address">
			<finder-column name="customerId" />
			<finder-column name="companyId" />
		</finder>

		
		<finder name="ScreenName" return-type="Address">
			<finder-column name="companyId" />
			<finder-column name="screenName" />
		</finder>
		
		<finder name="SN" return-type="Collection">
			<finder-column name="screenName" />
			<finder-column name="companyId" />
		</finder>
		
		
	</entity>
	
	<entity local-service="true" name="Contact" remote-service="false" >

		<!-- PK fields -->
		<column name="contactId" primary="true" type="String" />
		
		<!-- FK fields -->
		<column name="customerId" type="String" />
		
		<!-- Group instance -->
		<column name="groupId" type="long" />
		<column name="companyId" type="long" />

		<!-- Audit fields -->
		<column name="createBy" type="String" />
		<column name="createDate" type="Date" />
		<column name="modifiedDate" type="Date" />

		<!-- Other fields -->
		<column name="screenName" type="String" />
		<column name="mobileNo" type="String" />
		<column name="landLineNo" type="String" />
		<column name="email" type="String" />
		<column name="primary" type="boolean" />

		<!-- Order -->
		<order by="desc">
			<order-column name="modifiedDate" />
		</order>
		
		<!-- Finder methods -->
		
		<finder name="CustomerId" return-type="Contact">
			<finder-column name="customerId" />
			<finder-column name="companyId" />
		</finder>
		
		<finder name="ScreenName" return-type="Contact">
			<finder-column name="companyId" />
			<finder-column name="screenName" />
		</finder>
		
		<finder name="SN" return-type="Collection">
			<finder-column name="screenName" />
			<finder-column name="companyId" />
		</finder>
		
		<finder name="ScreenNameAndIsPrimary" return-type="Collection">
			<finder-column name="companyId" />
			<finder-column name="screenName" />
			<finder-column name="primary" />
		</finder>
		
		<finder name="ScreenNameAndContactId" return-type="Contact">
			<finder-column name="companyId" />
			<finder-column name="screenName" />
			<finder-column name="contactId" />
		</finder>
	</entity>
	
	<entity local-service="true" name="Document" remote-service="false" >

		<!-- PK fields -->
		<column name="documentId" primary="true" type="String" />
		
		<!-- FK fields -->
		<column name="customerId" type="String" />
		
		<!-- Group instance -->
		<column name="groupId" type="long" />
		<column name="companyId" type="long" />
		
		<!-- Audit fields -->
		<column name="createBy" type="String" />
		<column name="createDate" type="Date" />
		<column name="modifiedDate" type="Date" />

		<!-- Other fields -->
		<column name="category" type="String" />
		<column name="screenName" type="String" />
		<column name="name" type="String" />
		<column name="type" type="String" />

		<!-- Order -->
		<order by="desc">
			<order-column name="modifiedDate" />
		</order>

		<!-- Finder methods -->
		
		<finder name="CustomerId" return-type="Collection">
			<finder-column name="customerId" />
			<finder-column name="companyId" />
		</finder>
		
		<finder name="ScreenName" return-type="Collection">
			<finder-column name="screenName" />
			<finder-column name="companyId" />
		</finder>
		
		<finder name="C_C_C_T" return-type="Document">
			<finder-column name="companyId" />
			<finder-column name="customerId" />
			<finder-column name="category" />
			<finder-column name="type" />
		</finder>
		
		<finder name="C_C_C" return-type="Document">
			<finder-column name="companyId" />
			<finder-column name="customerId" />
			<finder-column name="category" />
		</finder>
		
		<finder name="C_C_D" return-type="Document">
			<finder-column name="companyId" />
			<finder-column name="customerId" />
			<finder-column name="documentId" />
		</finder>
		
		<finder name="C_C_N" return-type="Document">
			<finder-column name="companyId" />
			<finder-column name="customerId" />
			<finder-column name="name" />
		</finder>
	</entity>
	
	<entity local-service="true" name="AgentCustomerMapping" remote-service="false">

		<column name="mappingId" primary="true" type="String" />
		
		<column name="agentScreenName" type="String"  />
		<column name="customerScreenName" type="String" />

		<!-- Group instance -->
		<column name="groupId" type="long" />
		<column name="companyId" type="long" />
	
		<!-- Audit fields -->
		<column name="createBy" type="String" />
		<column name="createDate" type="Date" />
		<column name="modifiedDate" type="Date" />
	
		<!-- Order -->
		<order by="desc">
			<order-column name="modifiedDate" />
		</order>
		
		
		<finder name="CompanyId" return-type="Collection">
			<finder-column name="companyId" />
		</finder>
		
		<finder name="AgentScreenNames" return-type="Collection">
			<finder-column name="companyId" />
			<finder-column name="agentScreenName" arrayable-operator="OR"/>
		</finder>
		
		<finder name="ASCN_CSCN" return-type="Collection">
			<finder-column name="companyId" />
			<finder-column name="agentScreenName" arrayable-operator="OR"/>
			<finder-column name="customerScreenName" case-sensitive="false" comparator="LIKE" />
		</finder>
		
		<finder name="ASCN" return-type="Collection">
			<finder-column name="companyId" />
			<finder-column name="agentScreenName" case-sensitive="false" comparator="LIKE" />
		</finder>
		
		<finder name="CSCN" return-type="Collection">
			<finder-column name="companyId" />
			<finder-column name="customerScreenName" case-sensitive="false" comparator="LIKE" />
		</finder>
		
		<finder name="AgentScreenName" return-type="Collection">
			<finder-column name="companyId" />
			<finder-column name="agentScreenName" />
		</finder>
		
		<finder name="CustomerScreenName" return-type="AgentCustomerMapping">
			<finder-column name="companyId" />
			<finder-column name="customerScreenName" />
		</finder>
		
		<finder name="CustomerScreenNames" return-type="Collection">
			<finder-column name="companyId" />
			<finder-column name="customerScreenName" arrayable-operator="OR" />
		</finder>
		
		<finder name="AgentAndCustomerScreenName" return-type="AgentCustomerMapping">
			<finder-column name="companyId" />
			<finder-column name="agentScreenName" />
			<finder-column name="customerScreenName" />
		</finder>
	</entity>
	
</service-builder>