<?xml version="1.0"?>
<!DOCTYPE service-builder PUBLIC "-//Liferay//DTD Service Builder 7.2.0//EN" "http://www.liferay.com/dtd/liferay-service-builder_7_2_0.dtd">

<service-builder dependency-injector="ds" package-path="com.jio.account.notification">
	<namespace>AN</namespace>
	<entity local-service="true" name="NotificationLog" remote-service="false">

		<column name="notificationId" primary="true" type="String" />
		
		<column name="customerAccountNo" type="String"  />
		<column name="customerScreenName" type="String"  />
		
		<column name="messageTemplateDescId" type="long" />
		<column name="messageTemplateCode" type="String" />
		
		<column name="transactionNo" type="String" />
		<column name="agentAccountNo" type="String"  />
		
		<!-- Group instance -->
		<column name="groupId" type="long" />
		<column name="companyId" type="long" />
	
		<!-- Audit fields -->
		<column name="createBy" type="String" />
		<column name="createDate" type="Date" />
		<column name="sendDate" type="Date" />
		
		<!-- Order -->
		<order by="desc">
			<order-column name="createDate" />
		</order>
		
		<finder name="CompanyId" return-type="Collection">
			<finder-column name="companyId" />
		</finder>
		
		<finder name="SendDate" return-type="Collection">
			<finder-column name="sendDate" />
			<finder-column name="companyId" />
		</finder>
		
		<finder name="MT_SD_CID" return-type="Collection">
			<finder-column name="messageTemplateCode" />
			<finder-column name="sendDate" />
			<finder-column name="companyId" />
		</finder>
		
		<finder name="MT_CID" return-type="Collection">
			<finder-column name="messageTemplateCode" />
			<finder-column name="companyId" />
		</finder>
		
		<finder name="MT_AAN_CID" return-type="Collection">
			<finder-column name="messageTemplateCode" />
			<finder-column name="agentAccountNo" />
			<finder-column name="companyId" />
		</finder>
		
		<finder name="MT_CAN_CID" return-type="Collection">
			<finder-column name="messageTemplateCode" />
			<finder-column name="customerAccountNo" />
			<finder-column name="companyId" />
		</finder>
		
		<finder name="MT_CSN_CID" return-type="Collection">
			<finder-column name="messageTemplateCode" />
			<finder-column name="customerScreenName" />
			<finder-column name="companyId" />
		</finder>
		
		<finder name="MT_CAN_AAN_CID" return-type="Collection">
			<finder-column name="messageTemplateCode" />
			<finder-column name="customerAccountNo" />
			<finder-column name="agentAccountNo" />
			<finder-column name="companyId" />
		</finder>
		
		<finder name="MT_CSN_AAN_CID" return-type="Collection">
			<finder-column name="messageTemplateCode" />
			<finder-column name="customerScreenName" />
			<finder-column name="agentAccountNo" />
			<finder-column name="companyId" />
		</finder>
		
		
		
		<finder name="MTD_CID" return-type="Collection">
			<finder-column name="messageTemplateDescId" />
			<finder-column name="companyId" />
		</finder>
		
		<finder name="MTD_AAN_CID" return-type="Collection">
			<finder-column name="messageTemplateDescId" />
			<finder-column name="agentAccountNo" />
			<finder-column name="companyId" />
		</finder>
		
		<finder name="MTD_CAN_CID" return-type="Collection">
			<finder-column name="messageTemplateDescId" />
			<finder-column name="customerAccountNo" />
			<finder-column name="companyId" />
		</finder>
		
		<finder name="MTD_CSN_CID" return-type="Collection">
			<finder-column name="messageTemplateDescId" />
			<finder-column name="customerScreenName" />
			<finder-column name="companyId" />
		</finder>
		
		<finder name="MTD_CAN_AAN_CID" return-type="Collection">
			<finder-column name="messageTemplateDescId" />
			<finder-column name="customerAccountNo" />
			<finder-column name="agentAccountNo" />
			<finder-column name="companyId" />
		</finder>
		
		<finder name="MTD_CSN_AAN_CID" return-type="Collection">
			<finder-column name="messageTemplateDescId" />
			<finder-column name="customerScreenName" />
			<finder-column name="agentAccountNo" />
			<finder-column name="companyId" />
		</finder>
		
		
		
		
		
		<finder name="MT_MTD_CID" return-type="Collection">
			<finder-column name="messageTemplateCode" />
			<finder-column name="messageTemplateDescId" />
			<finder-column name="companyId" />
		</finder>
		
		<finder name="MT_MTD_AAN_CID" return-type="Collection">
			<finder-column name="messageTemplateCode" />
			<finder-column name="messageTemplateDescId" />
			<finder-column name="agentAccountNo" />
			<finder-column name="companyId" />
		</finder>
		
		<finder name="MT_MTD_CAN_CID" return-type="Collection">
			<finder-column name="messageTemplateCode" />
			<finder-column name="messageTemplateDescId" />
			<finder-column name="customerAccountNo" />
			<finder-column name="companyId" />
		</finder>
		
		<finder name="MT_MTD_CSN_CID" return-type="Collection">
			<finder-column name="messageTemplateCode" />
			<finder-column name="messageTemplateDescId" />
			<finder-column name="customerScreenName" />
			<finder-column name="companyId" />
		</finder>
		
		<finder name="MT_MTD_CAN_AAN_CID" return-type="Collection">
			<finder-column name="messageTemplateCode" />
			<finder-column name="messageTemplateDescId" />
			<finder-column name="customerAccountNo" />
			<finder-column name="agentAccountNo" />
			<finder-column name="companyId" />
		</finder>
		
		<finder name="MT_MTD_CSN_AAN_CID" return-type="Collection">
			<finder-column name="messageTemplateCode" />
			<finder-column name="messageTemplateDescId" />
			<finder-column name="customerScreenName" />
			<finder-column name="agentAccountNo" />
			<finder-column name="companyId" />
		</finder>
		
		
		
		
		
		<finder name="CAN_CID" return-type="Collection">
			<finder-column name="customerAccountNo" />
			<finder-column name="companyId" />
		</finder>
		
		<finder name="CSN_CID" return-type="Collection">
			<finder-column name="customerScreenName" />
			<finder-column name="companyId" />
		</finder>
		
		<finder name="AAN_CID" return-type="Collection">
			<finder-column name="agentAccountNo" />
			<finder-column name="companyId" />
		</finder>
		
		<finder name="CAN_AAN_CID" return-type="Collection">
			<finder-column name="customerAccountNo" />
			<finder-column name="agentAccountNo" />
			<finder-column name="companyId" />
		</finder>
		
		<finder name="CSN_AAN_CID" return-type="Collection">
			<finder-column name="customerScreenName" />
			<finder-column name="agentAccountNo" />
			<finder-column name="companyId" />
		</finder>
		
	</entity>
</service-builder>